Frame,TransformRecorder_PosX,TransformRecorder_PosY,TransformRecorder_PosZ,TransformRecorder_RotX,TransformRecorder_RotY,TransformRecorder_RotZ,TransformRecorder_RotW,PhysicalDice1_PosX,PhysicalDice1_PosY,PhysicalDice1_PosZ,PhysicalDice1_RotX,PhysicalDice1_RotY,PhysicalDice1_RotZ,PhysicalDice1_RotW,PhysicalDice1 (1)_PosX,PhysicalDice1 (1)_PosY,PhysicalDice1 (1)_PosZ,PhysicalDice1 (1)_RotX,PhysicalDice1 (1)_RotY,PhysicalDice1 (1)_RotZ,PhysicalDice1 (1)_RotW,PhysicalDice1 (2)_PosX,PhysicalDice1 (2)_PosY,PhysicalDice1 (2)_PosZ,PhysicalDice1 (2)_RotX,PhysicalDice1 (2)_RotY,PhysicalDice1 (2)_RotZ,PhysicalDice1 (2)_RotW,PhysicalDice 2_PosX,PhysicalDice 2_PosY,PhysicalDice 2_PosZ,PhysicalDice 2_RotX,PhysicalDice 2_RotY,PhysicalDice 2_RotZ,PhysicalDice 2_RotW,PhysicalDice 2 (1)_PosX,PhysicalDice 2 (1)_PosY,PhysicalDice 2 (1)_PosZ,PhysicalDice 2 (1)_RotX,PhysicalDice 2 (1)_RotY,PhysicalDice 2 (1)_RotZ,PhysicalDice 2 (1)_RotW,PhysicalDice 2 (2)_PosX,PhysicalDice 2 (2)_PosY,PhysicalDice 2 (2)_PosZ,PhysicalDice 2 (2)_RotX,PhysicalDice 2 (2)_RotY,PhysicalDice 2 (2)_RotZ,PhysicalDice 2 (2)_RotW
0,0,0,0,0,0,0,1,42,8,102,-66,9,0,0,0,1,42,8,102,-66,9,0,0,0,1,42,8,102,-66,9,0,0,0,1,42,8,102,-66,9,0,0,0,1,42,8,102,-66,9,0,0,0,1,42,8,102,-66,9,0,0,0,1
1,0,0,0,0,0,0,1,43,27522,101,9874,-66,90222,-8,284613E-05,-0,0006603232,0,002418622,0,9999969,43,01729,101,9853,-66,90043,-4,627972E-06,-0,0001332981,0,002143611,0,9999977,43,00182,101,9974,-66,90006,1,42802E-05,-1,838205E-05,0,0003345872,0,9999999,42,8,102,-66,9,0,0,0,1,42,8,102,-66,9,0,0,0,1,42,8,102,-66,9,0,0,0,1
2,0,0,0,0,0,0,1,43,81968,101,9594,-66,90551,-3,340938E-05,-0,003753564,0,006476202,0,999972,43,36489,101,9577,-66,90291,2,44867E-05,-0,002696997,0,005767519,0,9999797,43,2031,101,9932,-66,90147,6,193104E-05,-0,0002682561,0,0007935651,0,9999996,42,8,102,-66,9,0,0,0,1,42,8,102,-66,9,0,0,0,1,42,8,102,-66,9,0,0,0,1
3,0,0,0,0,0,0,1,44,39291,101,9257,-66,90326,7,782331E-05,-0,006000349,0,009760892,0,9999344,43,73996,101,9274,-66,90331,7,311967E-05,-0,004914863,0,008215959,0,9999542,43,40413,101,9902,-66,90103,0,00010445,-0,0002737574,0,001137718,0,9999994,42,8,102,-66,9,0,0,0,1,42,8,102,-66,9,0,0,0,1,42,8,102,-66,9,0,0,0,1
4,0,0,0,0,0,0,1,44,97404,101,8897,-66,89458,0,0002563737,-0,00734249,0,01303856,0,999888,44,12262,101,895,-66,89867,0,0001603193,-0,006463995,0,01041721,0,9999248,43,60519,101,9874,-66,90034,0,0001513132,-0,0002335922,0,001486907,0,9999989,42,8,102,-66,9,0,0,0,1,42,8,102,-66,9,0,0,0,1,42,8,102,-66,9,0,0,0,1
5,0,0,0,0,0,0,1,45,55838,101,8491,-66,88223,0,0006192154,-0,008240463,0,01640634,0,9998313,44,50826,101,8573,-66,89134,0,0004123414,-0,007614749,0,01262054,0,9998913,43,80722,101,984,-66,89977,0,0001953321,-0,0001951302,0,00196548,0,9999981,42,8,102,-66,9,0,0,0,1,42,8,102,-66,9,0,0,0,1,42,8,102,-66,9,0,0,0,1
6,0,0,0,0,0,0,1,46,14503,101,801,-66,86794,0,001021313,-0,009059453,0,02011916,0,9997561,44,89607,101,8119,-66,88293,0,0006821915,-0,008615174,0,01496163,0,9998507,44,01205,101,9794,-66,89886,0,0002381898,-0,0001011741,0,002803773,0,9999961,42,8,102,-66,9,0,0,0,1,42,8,102,-66,9,0,0,0,1,42,8,102,-66,9,0,0,0,1
7,0,0,0,0,0,0,1,46,73368,101,7432,-66,85361,0,001425915,-0,009955849,0,02410684,0,9996588,45,28583,101,7558,-66,87485,0,0009364072,-0,009561593,0,01738394,0,9998028,44,21749,101,9745,-66,8978,0,0003011033,8,941395E-06,0,00372614,0,999993,42,8,102,-66,9,0,0,0,1,42,8,102,-66,9,0,0,0,1,42,8,102,-66,9,0,0,0,1
8,0,0,0,0,0,0,1,47,32553,101,6753,-66,83936,0,00170803,-0,0113107,0,02897008,0,9995148,45,67871,101,689,-66,86863,0,001028699,-0,01077148,0,02024407,0,9997365,44,42321,101,9699,-66,89961,0,0002097151,-0,0002046298,0,004684177,0,999989,42,8,102,-66,9,0,0,0,1,42,8,102,-66,9,0,0,0,1,42,8,102,-66,9,0,0,0,1
9,0,0,0,0,0,0,1,47,9177,101,5959,-66,82364,0,002264864,-0,01244707,0,03362465,0,9993545,46,07131,101,6097,-66,86202,0,001396773,-0,01166593,0,02271727,0,9996729,44,63007,101,965,-66,89819,0,0002995393,-4,735919E-05,0,005798328,0,9999832,42,8,102,-66,9,0,0,0,1,42,8,102,-66,9,0,0,0,1,42,8,102,-66,9,0,0,0,1
10,0,0,0,0,0,0,1,48,51104,101,5064,-66,80666,0,003061802,-0,01378261,0,03896767,0,9991407,46,46469,101,5221,-66,85542,0,001961756,-0,01249083,0,02514641,0,9996039,44,83823,101,9598,-66,89658,0,0004114263,0,000128972,0,00710437,0,9999747,42,8,102,-66,9,0,0,0,1,42,8,102,-66,9,0,0,0,1,42,8,102,-66,9,0,0,0,1
11,0,0,0,0,0,0,1,49,1052,101,4053,-66,78936,0,003715046,-0,01557472,0,04439683,0,9988857,46,859,101,4194,-66,85285,0,002409682,-0,01363272,0,02743232,0,9995278,45,04359,101,9556,-66,89896,0,0002037464,-9,922027E-05,0,007947886,0,9999684,42,8,102,-66,9,0,0,0,1,42,8,102,-66,9,0,0,0,1,42,8,102,-66,9,0,0,0,1
12,0,0,0,0,0,0,1,49,69928,101,2914,-66,76933,0,004901523,-0,01709229,0,0493147,0,998625,47,25286,101,3025,-66,84691,0,003434545,-0,01426205,0,02901687,0,9994713,45,25104,101,9497,-66,89719,0,00043516,3,889672E-05,0,009152959,0,999958,42,8,102,-66,9,0,0,0,1,42,8,102,-66,9,0,0,0,1,42,8,102,-66,9,0,0,0,1
13,0,0,0,0,0,0,1,50,29338,101,1648,-66,74927,0,005653967,-0,01897895,0,05407729,0,9983404,47,64697,101,1727,-66,84413,0,003992762,-0,01519462,0,03022617,0,9994197,45,45793,101,9462,-66,89941,0,0002076877,-0,0001308875,0,01017754,0,9999482,42,8,102,-66,9,0,0,0,1,42,8,102,-66,9,0,0,0,1,42,8,102,-66,9,0,0,0,1
14,0,0,0,0,0,0,1,50,88667,101,0246,-66,72665,0,00739093,-0,02060625,0,05819557,0,9980652,48,04011,101,0309,-66,83784,0,005535503,-0,01569801,0,03064798,0,9993917,45,6657,101,938,-66,8962,0,0006629872,-5,153612E-05,0,01132048,0,9999357,42,8,102,-66,9,0,0,0,1,42,8,102,-66,9,0,0,0,1,42,8,102,-66,9,0,0,0,1
15,0,0,0,0,0,0,1,51,47913,100,8702,-66,70287,0,009385618,-0,02223172,0,0617104,0,9978024,48,43239,100,8768,-66,83105,0,007314079,-0,01612167,0,03039088,0,9993813,45,87304,101,9277,-66,89301,0,001133446,4,651676E-06,0,01237949,0,9999228,42,8,102,-66,9,0,0,0,1,42,8,102,-66,9,0,0,0,1,42,8,102,-66,9,0,0,0,1
16,0,0,0,0,0,0,1,52,07031,100,7011,-66,68095,0,01034663,-0,02385928,0,06447632,0,9975803,48,82423,100,7096,-66,8285,0,008040627,-0,01667208,0,02960575,0,9993902,46,08036,101,9165,-66,89714,0,0005318285,-6,742556E-06,0,01346694,0,9999092,42,8,102,-66,9,0,0,0,1,42,8,102,-66,9,0,0,0,1,42,8,102,-66,9,0,0,0,1
17,0,0,0,0,0,0,1,52,66021,100,5171,-66,65872,0,01172378,-0,02524462,0,06614581,0,9974217,49,21567,100,5274,-66,82655,0,009231444,-0,01726575,0,02852772,0,9994012,46,28515,101,9005,-66,90208,-0,0001942396,3,060219E-06,0,01418237,0,9998994,42,8,102,-66,9,0,0,0,1,42,8,102,-66,9,0,0,0,1,42,8,102,-66,9,0,0,0,1
18,0,0,0,0,0,0,1,53,24857,100,3145,-66,63368,0,01416715,-0,02647262,0,06671465,0,9973203,49,60525,100,3276,-66,82191,0,01147376,-0,0181132,0,02712283,0,9994021,46,48729,101,8772,-66,88841,0,001706494,-0,0002927667,0,01421997,0,9998974,42,8,102,-66,9,0,0,0,1,42,8,102,-66,9,0,0,0,1,42,8,102,-66,9,0,0,0,1
19,0,0,0,0,0,0,1,53,83666,100,0942,-66,609,0,0166468,-0,02752906,0,06658148,0,9972623,49,99448,100,113,-66,81798,0,01376224,-0,01895018,0,02534305,0,9994044,46,6892,101,8444,-66,87141,0,004056578,-0,0006139486,0,0142318,0,9998903,42,8,102,-66,9,0,0,0,1,42,8,102,-66,9,0,0,0,1,42,8,102,-66,9,0,0,0,1
20,0,0,0,0,0,0,1,54,42467,99,85611,-66,5845,0,01913456,-0,02850786,0,06581758,0,9972408,50,38358,99,88412,-66,81453,0,01607377,-0,01980608,0,0231967,0,9994054,46,88993,101,794,-66,85494,0,006206233,-0,0006220589,0,01411004,0,999881,42,8,102,-66,9,0,0,0,1,42,8,102,-66,9,0,0,0,1,42,8,102,-66,9,0,0,0,1
21,0,0,0,0,0,0,1,55,01191,99,60139,-66,56484,0,01917624,-0,02926641,0,06461438,0,9972968,50,7725,99,64182,-66,81862,0,01578085,-0,02089538,0,02069103,0,999443,47,09169,101,7239,-66,85598,0,005516587,-0,0005835227,0,01385472,0,9998887,42,8,102,-66,9,0,0,0,1,42,8,102,-66,9,0,0,0,1,42,8,102,-66,9,0,0,0,1
22,0,0,0,0,0,0,1,55,60212,99,32767,-66,55054,0,01887416,-0,02967243,0,06274994,0,9974096,51,16178,99,39204,-66,81693,0,01578768,-0,022114,0,01770768,0,999474,47,29408,101,6372,-66,85295,0,004979184,-0,000550275,0,01349402,0,9998964,42,8,102,-66,9,0,0,0,1,42,8,102,-66,9,0,0,0,1,42,8,102,-66,9,0,0,0,1
23,0,0,0,0,0,0,1,56,19336,99,03533,-66,53496,0,0188638,-0,03017279,0,05981298,0,9975752,51,55217,99,13168,-66,81515,0,01607255,-0,0232768,0,0140072,0,9995018,47,5037,101,5432,-66,84995,0,00424992,-0,0005554625,0,01199009,0,9999189,42,8,102,-66,9,0,0,0,1,42,8,102,-66,9,0,0,0,1,42,8,102,-66,9,0,0,0,1
24,0,0,0,0,0,0,1,56,785,98,72316,-66,5183,0,01915416,-0,03075292,0,05584303,0,997782,51,9434,98,86007,-66,81327,0,01659519,-0,02435659,0,009568984,0,9995198,47,72863,101,4523,-66,84666,0,003724372,-0,0005370671,0,007895807,0,9999617,42,8,102,-66,9,0,0,0,1,42,8,102,-66,9,0,0,0,1,42,8,102,-66,9,0,0,0,1
25,0,0,0,0,0,0,1,57,37623,98,39159,-66,50164,0,01947249,-0,03140177,0,0508497,0,9980226,52,33482,98,57864,-66,81272,0,01703726,-0,02540201,0,004347909,0,9995227,47,97294,101,3656,-66,84255,0,0034903,-0,0004650116,0,0002858816,0,9999939,42,8,102,-66,9,0,0,0,1,42,8,102,-66,9,0,0,0,1,42,8,102,-66,9,0,0,0,1
26,0,0,0,0,0,0,1,57,97127,98,04137,-66,48347,0,02011035,-0,03137739,0,04388761,0,9983411,52,72889,98,30005,-66,80495,0,01776431,-0,02580598,-0,002771053,0,9995053,48,25106,101,2958,-66,84427,0,003038396,-0,0002188738,-0,01363506,0,9999025,42,8,102,-66,9,0,0,0,1,42,8,102,-66,9,0,0,0,1,42,8,102,-66,9,0,0,0,1
27,0,0,0,0,0,0,1,58,56554,97,66567,-66,46821,0,02063346,-0,03158037,0,03623492,0,9986311,53,12406,98,00474,-66,80344,0,01827619,-0,02638062,-0,01025597,0,9994323,48,52922,101,2026,-66,84303,0,003219198,-2,816159E-06,-0,02821407,0,9995967,42,8,102,-66,9,0,0,0,1,42,8,102,-66,9,0,0,0,1,42,8,102,-66,9,0,0,0,1
28,0,0,0,0,0,0,1,59,15699,97,2683,-66,45419,0,02095669,-0,03182808,0,02910856,0,9988496,53,51722,97,68417,-66,80437,0,01850165,-0,02702142,-0,01701599,0,9993188,48,80967,101,0879,-66,84209,0,003360004,0,0001223741,-0,04413044,0,9990202,42,8,102,-66,9,0,0,0,1,42,8,102,-66,9,0,0,0,1,42,8,102,-66,9,0,0,0,1
29,0,0,0,0,0,0,1,59,74688,96,85194,-66,44128,0,02090343,-0,03222834,0,0231343,0,9989941,53,90912,97,3359,-66,80909,0,01832351,-0,02794095,-0,02267535,0,9991844,49,09903,100,9574,-66,84332,0,003291648,0,0002647314,-0,0625391,0,9980371,42,8,102,-66,9,0,0,0,1,42,8,102,-66,9,0,0,0,1,42,8,102,-66,9,0,0,0,1
30,0,0,0,0,0,0,1,60,33456,96,41782,-66,42727,0,0209143,-0,03260523,0,01840718,0,99908,54,29873,96,95923,-66,81227,0,01818525,-0,02888562,-0,02716242,0,9990482,49,38903,100,7958,-66,84358,0,00289232,0,0004617771,-0,08211964,0,9966182,42,8,102,-66,9,0,0,0,1,42,8,102,-66,9,0,0,0,1,42,8,102,-66,9,0,0,0,1
31,0,0,0,0,0,0,1,60,91571,95,9692,-66,41124,0,02073076,-0,03244114,0,0154385,0,9991394,54,68137,96,55221,-66,80583,0,01788351,-0,02913454,-0,030027,0,9989643,49,67232,100,6011,-66,84004,0,00272507,9,480515E-05,-0,1026687,0,9947119,42,8,102,-66,9,0,0,0,1,42,8,102,-66,9,0,0,0,1,42,8,102,-66,9,0,0,0,1
32,0,0,0,0,0,0,1,61,49047,95,50697,-66,39587,0,02101189,-0,03260389,0,01384665,0,9991515,55,05807,96,11889,-66,8026,0,01815568,-0,02951986,-0,03166636,0,9988975,49,92881,100,3553,-66,83018,0,003023667,-0,0002537484,-0,1217999,0,9925501,42,8,102,-66,9,0,0,0,1,42,8,102,-66,9,0,0,0,1,42,8,102,-66,9,0,0,0,1
33,0,0,0,0,0,0,1,62,05969,95,03054,-66,38103,0,02133621,-0,03259031,0,01242603,0,9991637,55,43241,95,66561,-66,80243,0,01847431,-0,0299618,-0,03202245,0,9988671,50,16056,100,0601,-66,80623,0,006132324,-0,0008686569,-0,1400271,0,9901283,42,8,102,-66,9,0,0,0,1,42,8,102,-66,9,0,0,0,1,42,8,102,-66,9,0,0,0,1
34,0,0,0,0,0,0,1,62,59286,94,5435,-66,36906,0,02140631,-0,03276416,0,005652824,0,9992179,55,83774,95,19749,-66,80219,0,01820778,-0,03041908,-0,02738022,0,9989963,50,32214,99,68306,-66,76383,0,009842671,-0,001547801,-0,1559083,0,9877213,42,8,102,-66,9,0,0,0,1,42,8,102,-66,9,0,0,0,1,42,8,102,-66,9,0,0,0,1
35,0,0,0,0,0,0,1,63,12559,94,04041,-66,35705,0,02147675,-0,03293889,-0,001067761,0,9992261,56,2435,94,71342,-66,80199,0,017936,-0,03087147,-0,02273354,0,9991038,50,38609,99,22418,-66,71289,0,0119453,-0,00309862,-0,1649465,0,9862254,42,8,102,-66,9,0,0,0,1,42,8,102,-66,9,0,0,0,1,42,8,102,-66,9,0,0,0,1
36,0,0,0,0,0,0,1,63,65392,93,52155,-66,34523,0,02154131,-0,03252888,-0,006918473,0,9992147,56,65366,94,2131,-66,80159,0,01767848,-0,03189453,-0,01886092,0,9991569,50,45005,98,74931,-66,66195,0,01404475,-0,004647608,-0,1739607,0,9846415,42,8,102,-66,9,0,0,0,1,42,8,102,-66,9,0,0,0,1,42,8,102,-66,9,0,0,0,1
37,0,0,0,0,0,0,1,64,16045,92,99232,-66,33195,0,02194388,-0,03057847,-0,009221666,0,9992489,57,08562,93,69117,-66,80265,0,01724553,-0,03325986,-0,02003398,0,9990971,50,514,98,25843,-66,61101,0,01614083,-0,006194626,-0,1829502,0,9829702,42,8,102,-66,9,0,0,0,1,42,8,102,-66,9,0,0,0,1,42,8,102,-66,9,0,0,0,1
38,0,0,0,0,0,0,1,64,66698,92,4471,-66,31868,0,02234585,-0,02862972,-0,01152247,0,9992739,57,51757,93,15324,-66,80371,0,01681295,-0,03462372,-0,02120581,0,9990339,50,57795,97,75156,-66,56007,0,01823335,-0,007739538,-0,1919141,0,9812118,42,8,102,-66,9,0,0,0,1,42,8,102,-66,9,0,0,0,1,42,8,102,-66,9,0,0,0,1
39,0,0,0,0,0,0,1,65,17352,91,88586,-66,3054,0,02274721,-0,02668265,-0,01382087,0,9992896,57,94953,92,5993,-66,80477,0,01638075,-0,03598609,-0,02237638,0,9989675,50,64191,97,22868,-66,50912,0,02032214,-0,00928221,-0,2008518,0,9793669,42,8,102,-66,9,0,0,0,1,42,8,102,-66,9,0,0,0,1,42,8,102,-66,9,0,0,0,1
40,0,0,0,0,0,0,1,65,68005,91,30863,-66,29213,0,02314796,-0,02473729,-0,01611684,0,9992961,58,38149,92,02937,-66,80583,0,01594892,-0,03734697,-0,02354571,0,9988977,50,70586,96,6898,-66,45818,0,02240701,-0,0108225,-0,2097625,0,9774357,42,8,102,-66,9,0,0,0,1,42,8,102,-66,9,0,0,0,1,42,8,102,-66,9,0,0,0,1
41,0,0,0,0,0,0,1,66,18658,90,7154,-66,27885,0,0235481,-0,02279364,-0,01841037,0,9992933,58,81345,91,44344,-66,80689,0,01551747,-0,03870637,-0,02471379,0,9988245,50,76981,96,13493,-66,40724,0,02448779,-0,01236029,-0,2186455,0,9754188,42,8,102,-66,9,0,0,0,1,42,8,102,-66,9,0,0,0,1,42,8,102,-66,9,0,0,0,1
42,0,0,0,0,0,0,1,66,69311,90,10617,-66,26558,0,02394761,-0,02085172,-0,02070143,0,9992813,59,2454,90,84151,-66,80795,0,0150864,-0,04006428,-0,02588062,0,998748,50,83377,95,56405,-66,3563,0,0265643,-0,01389542,-0,2275,0,9733166,42,8,102,-66,9,0,0,0,1,42,8,102,-66,9,0,0,0,1,42,8,102,-66,9,0,0,0,1
43,0,0,0,0,0,0,1,67,19964,89,48094,-66,2523,0,02434651,-0,01891156,-0,02299001,0,9992603,59,67736,90,22358,-66,80901,0,01465571,-0,04142069,-0,02704619,0,9986682,50,89772,94,97717,-66,30536,0,02863636,-0,01542778,-0,2363254,0,9711294,42,8,102,-66,9,0,0,0,1,42,8,102,-66,9,0,0,0,1,42,8,102,-66,9,0,0,0,1
44,0,0,0,0,0,0,1,67,70617,88,83971,-66,23903,0,02474479,-0,01697316,-0,02527609,0,9992301,60,10932,89,58965,-66,81007,0,0142254,-0,0427756,-0,02821051,0,998585,50,96167,94,3743,-66,25442,0,03070379,-0,01695724,-0,2451208,0,9688579,42,8,102,-66,9,0,0,0,1,42,8,102,-66,9,0,0,0,1,42,8,102,-66,9,0,0,0,1
45,0,0,0,0,0,0,1,68,2127,88,18249,-66,22575,0,02514245,-0,01503655,-0,02755967,0,9991907,60,54128,88,93971,-66,81113,0,01379547,-0,04412901,-0,02937357,0,9984986,51,02563,93,75542,-66,20348,0,03276642,-0,01848365,-0,2538856,0,9665024,42,8,102,-66,9,0,0,0,1,42,8,102,-66,9,0,0,0,1,42,8,102,-66,9,0,0,0,1
46,0,0,0,0,0,0,1,68,71923,87,50925,-66,21248,0,02553947,-0,01310174,-0,0298407,0,9991425,60,97323,88,27378,-66,81219,0,01336592,-0,04548093,-0,03053536,0,998409,51,08958,93,12054,-66,15253,0,03482407,-0,0200069,-0,2626191,0,9640633,42,8,102,-66,9,0,0,0,1,42,8,102,-66,9,0,0,0,1,42,8,102,-66,9,0,0,0,1
47,0,0,0,0,0,0,1,69,22576,86,82002,-66,1992,0,02593588,-0,01116875,-0,03211918,0,9990851,61,40519,87,59185,-66,81326,0,01293676,-0,04683134,-0,03169589,0,998316,51,15353,92,46967,-66,10159,0,03687659,-0,02152685,-0,2713207,0,9615415,42,8,102,-66,9,0,0,0,1,42,8,102,-66,9,0,0,0,1,42,8,102,-66,9,0,0,0,1
48,0,0,0,0,0,0,1,69,73229,86,11479,-66,18593,0,02633164,-0,009237581,-0,03439509,0,9990187,61,83715,86,89392,-66,81432,0,01250799,-0,04818024,-0,03285516,0,9982198,51,21749,91,80279,-66,05065,0,03892378,-0,02304337,-0,2799894,0,9589368,42,8,102,-66,9,0,0,0,1,42,8,102,-66,9,0,0,0,1,42,8,102,-66,9,0,0,0,1
49,0,0,0,0,0,0,1,70,23882,85,39356,-66,17265,0,02672677,-0,007308263,-0,03666841,0,9989433,62,2691,86,17999,-66,81538,0,0120796,-0,04952763,-0,03401315,0,9981204,51,28144,91,11991,-65,99971,0,0409655,-0,02455635,-0,2886249,0,9562503,42,8,102,-66,9,0,0,0,1,42,8,102,-66,9,0,0,0,1,42,8,102,-66,9,0,0,0,1
50,0,0,0,0,0,0,1,70,74535,84,65633,-66,15938,0,02712127,-0,005380809,-0,03893913,0,998859,62,70106,85,45005,-66,81644,0,0116516,-0,05087351,-0,03516987,0,9980177,51,34539,90,42104,-65,94877,0,04300157,-0,02606565,-0,2972262,0,9534821,42,8,102,-66,9,0,0,0,1,42,8,102,-66,9,0,0,0,1,42,8,102,-66,9,0,0,0,1
51,0,0,0,0,0,0,1,71,25188,83,90311,-66,1461,0,02751512,-0,003455234,-0,04120722,0,9987657,63,13302,84,70412,-66,8175,0,01122399,-0,05221787,-0,03632532,0,9979118,51,40935,89,70616,-65,89783,0,04503181,-0,02757114,-0,3057928,0,9506328,42,8,102,-66,9,0,0,0,1,42,8,102,-66,9,0,0,0,1,42,8,102,-66,9,0,0,0,1
52,0,0,0,0,0,0,1,71,75842,83,13387,-66,13283,0,02790834,-0,001531553,-0,04347268,0,9986636,63,56498,83,94218,-66,81856,0,01079677,-0,05356072,-0,03747949,0,9978026,51,4733,88,97529,-65,84689,0,04705608,-0,02907271,-0,3143241,0,9477029,42,8,102,-66,9,0,0,0,1,42,8,102,-66,9,0,0,0,1,42,8,102,-66,9,0,0,0,1
53,0,0,0,0,0,0,1,72,26495,82,34864,-66,11955,0,02830091,0,0003902185,-0,04573549,0,9985525,63,99693,83,16425,-66,81962,0,01036994,-0,05490204,-0,03863239,0,9976903,51,53725,88,22841,-65,79594,0,0490742,-0,03057024,-0,3228192,0,9446931,42,8,102,-66,9,0,0,0,1,42,8,102,-66,9,0,0,0,1,42,8,102,-66,9,0,0,0,1
54,0,0,0,0,0,0,1,72,77148,81,54741,-66,10628,0,02869283,0,002310065,-0,04799562,0,9984328,64,42889,82,37032,-66,82068,0,009943508,-0,05624184,-0,039784,0,9975747,51,60121,87,46553,-65,745,0,051086,-0,03206359,-0,3312776,0,9416036,42,8,102,-66,9,0,0,0,1,42,8,102,-66,9,0,0,0,1,42,8,102,-66,9,0,0,0,1
55,0,0,0,0,0,0,1,73,27801,80,73018,-66,093,0,02908411,0,00422797,-0,05025305,0,9983041,64,86086,81,56039,-66,82174,0,009517465,-0,05758011,-0,04093433,0,997456,51,66516,86,68665,-65,69406,0,05309134,-0,03355265,-0,3396987,0,938435,42,8,102,-66,9,0,0,0,1,42,8,102,-66,9,0,0,0,1,42,8,102,-66,9,0,0,0,1
56,0,0,0,0,0,0,1,73,78454,79,89695,-66,07973,0,02947473,0,00614392,-0,05250778,0,9981666,65,29282,80,73446,-66,8228,0,009091817,-0,05891685,-0,04208337,0,997334,51,72911,85,89178,-65,64312,0,05509006,-0,03503731,-0,3480818,0,9351881,42,8,102,-66,9,0,0,0,1,42,8,102,-66,9,0,0,0,1,42,8,102,-66,9,0,0,0,1
57,0,0,0,0,0,0,1,74,29107,79,04772,-66,06645,0,0298647,0,008057899,-0,05475979,0,9980203,65,72478,79,89252,-66,82386,0,008666566,-0,06025207,-0,04323113,0,997209,51,79307,85,0809,-65,59218,0,05708198,-0,03651743,-0,3564262,0,931863,42,8,102,-66,9,0,0,0,1,42,8,102,-66,9,0,0,0,1,42,8,102,-66,9,0,0,0,1
58,0,0,0,0,0,0,1,74,7976,78,1825,-66,05318,0,03025402,0,009969893,-0,05700907,0,9978654,66,15674,79,03459,-66,82492,0,008241709,-0,06158575,-0,0443776,0,9970807,51,85702,84,25403,-65,54124,0,05906697,-0,03799291,-0,3647314,0,9284604,42,8,102,-66,9,0,0,0,1,42,8,102,-66,9,0,0,0,1,42,8,102,-66,9,0,0,0,1
59,0,0,0,0,0,0,1,75,30413,77,30126,-66,0399,0,03064268,0,01187988,-0,05925558,0,9977017,66,5887,78,16066,-66,82598,0,007817251,-0,0629179,-0,04552277,0,9969493,51,92097,83,41115,-65,4903,0,06104486,-0,03946362,-0,3729967,0,9249809,42,8,102,-66,9,0,0,0,1,42,8,102,-66,9,0,0,0,1,42,8,102,-66,9,0,0,0,1
60,0,0,0,0,0,0,1,75,81066,76,40403,-66,02663,0,03103067,0,01378786,-0,06149932,0,9975294,67,02066,77,27073,-66,82704,0,007393191,-0,0642485,-0,04666665,0,9968148,51,98493,82,55227,-65,43935,0,06301551,-0,04092946,-0,3812216,0,921425,42,8,102,-66,9,0,0,0,1,42,8,102,-66,9,0,0,0,1,42,8,102,-66,9,0,0,0,1
61,0,0,0,0,0,0,1,76,31719,75,4908,-66,01335,0,03141801,0,01569381,-0,06374028,0,9973484,67,45262,76,3648,-66,8281,0,006969532,-0,06557757,-0,04780923,0,9966772,52,04888,81,67739,-65,38841,0,06497875,-0,0423903,-0,3894053,0,9177932,42,8,102,-66,9,0,0,0,1,42,8,102,-66,9,0,0,0,1,42,8,102,-66,9,0,0,0,1
62,0,0,0,0,0,0,1,76,82372,74,56157,-66,00008,0,03180468,0,01759772,-0,06597844,0,9971588,67,88458,75,44287,-66,82916,0,006546273,-0,06690509,-0,04895052,0,9965364,52,11283,80,78651,-65,33747,0,06693444,-0,04384603,-0,3975474,0,9140861,42,8,102,-66,9,0,0,0,1,42,8,102,-66,9,0,0,0,1,42,8,102,-66,9,0,0,0,1
63,0,0,0,0,0,0,1,77,33025,73,61634,-65,9868,0,03219068,0,01949956,-0,06821377,0,9969606,68,31654,74,50494,-66,83022,0,006123417,-0,06823107,-0,0500905,0,9963925,52,17679,79,87964,-65,28653,0,06888241,-0,04529655,-0,4056472,0,9103042,42,8,102,-66,9,0,0,0,1,42,8,102,-66,9,0,0,0,1,42,8,102,-66,9,0,0,0,1
64,0,0,0,0,0,0,1,77,83678,72,65511,-65,97353,0,03257602,0,02139933,-0,07044627,0,9967539,68,7485,73,551,-66,83128,0,005700963,-0,0695555,-0,05122918,0,9962456,52,24074,78,95676,-65,23559,0,07082254,-0,04674174,-0,4137042,0,9064482,42,8,102,-66,9,0,0,0,1,42,8,102,-66,9,0,0,0,1,42,8,102,-66,9,0,0,0,1
65,0,0,0,0,0,0,1,78,34332,71,67789,-65,96025,0,03296068,0,02329702,-0,07267591,0,9965385,69,18047,72,58107,-66,83234,0,005278913,-0,07087837,-0,05236655,0,9960954,52,3047,78,01789,-65,18465,0,07275468,-0,04818148,-0,4217177,0,9025185,42,8,102,-66,9,0,0,0,1,42,8,102,-66,9,0,0,0,1,42,8,102,-66,9,0,0,0,1
66,0,0,0,0,0,0,1,78,84985,70,68465,-65,94698,0,03334467,0,0251926,-0,07490271,0,9963148,69,61243,71,59514,-66,8334,0,004857268,-0,0721997,-0,05350262,0,9959423,52,36865,77,06301,-65,13371,0,07467867,-0,04961567,-0,4296872,0,8985156,42,8,102,-66,9,0,0,0,1,42,8,102,-66,9,0,0,0,1,42,8,102,-66,9,0,0,0,1
67,0,0,0,0,0,0,1,79,35638,69,67542,-65,9337,0,03372799,0,02708607,-0,07712661,0,9960825,70,04439,70,59321,-66,83447,0,00443603,-0,07351948,-0,05463738,0,9957862,52,4326,76,09213,-65,08276,0,07659438,-0,0510442,-0,4376121,0,8944403,42,8,102,-66,9,0,0,0,1,42,8,102,-66,9,0,0,0,1,42,8,102,-66,9,0,0,0,1
68,0,0,0,0,0,0,1,79,86291,68,65019,-65,92043,0,03411063,0,02897741,-0,07934761,0,9958418,70,47635,69,57528,-66,83553,0,004015197,-0,07483769,-0,05577082,0,9956269,52,49656,75,10526,-65,03182,0,07850167,-0,05246697,-0,445492,0,8902931,42,8,102,-66,9,0,0,0,1,42,8,102,-66,9,0,0,0,1,42,8,102,-66,9,0,0,0,1
69,0,0,0,0,0,0,1,80,36944,67,60896,-65,90715,0,03449259,0,0308666,-0,08156571,0,9955926,70,90831,68,54134,-66,83659,0,003594773,-0,07615435,-0,05690296,0,9954646,52,56051,74,10238,-64,98088,0,08040038,-0,05388385,-0,4533261,0,8860743,42,8,102,-66,9,0,0,0,1,42,8,102,-66,9,0,0,0,1,42,8,102,-66,9,0,0,0,1
70,0,0,0,0,0,0,1,80,87597,66,55173,-65,89388,0,03487387,0,03275364,-0,08378088,0,9953351,71,34027,67,49141,-66,83765,0,003174758,-0,07746945,-0,05803378,0,9952992,52,62446,73,0835,-64,92994,0,0822904,-0,05529476,-0,4611141,0,8817849,42,8,102,-66,9,0,0,0,1,42,8,102,-66,9,0,0,0,1,42,8,102,-66,9,0,0,0,1
71,0,0,0,0,0,0,1,81,3825,65,47851,-65,8806,0,03525446,0,03463851,-0,0859931,0,9950691,71,77223,66,42548,-66,83871,0,002755152,-0,07878298,-0,05916329,0,9951309,52,68842,72,04863,-64,879,0,08417157,-0,05669959,-0,4688553,0,8774253,42,8,102,-66,9,0,0,0,1,42,8,102,-66,9,0,0,0,1,42,8,102,-66,9,0,0,0,1
72,0,0,0,0,0,0,1,81,88903,64,38927,-65,86732,0,03563437,0,03652119,-0,08820237,0,9947948,72,20419,65,34354,-66,83977,0,002335958,-0,08009494,-0,06029147,0,9949595,52,75237,70,99776,-64,82806,0,08604377,-0,05809823,-0,4765492,0,872996,42,8,102,-66,9,0,0,0,1,42,8,102,-66,9,0,0,0,1,42,8,102,-66,9,0,0,0,1
73,0,0,0,0,0,0,1,82,39556,63,28405,-65,85405,0,03601359,0,03840167,-0,09040868,0,9945123,72,63615,64,24561,-66,84083,0,001917175,-0,08140534,-0,06141833,0,9947851,52,81632,69,93088,-64,77711,0,08790684,-0,05949059,-0,4841954,0,8684977,42,8,102,-66,9,0,0,0,1,42,8,102,-66,9,0,0,0,1,42,8,102,-66,9,0,0,0,1
74,0,0,0,0,0,0,1,82,90209,62,16282,-65,84077,0,03639212,0,04027995,-0,09261199,0,9942214,73,06812,63,13168,-66,84189,0,001498804,-0,08271416,-0,06254387,0,9946076,52,88028,68,848,-64,72617,0,08976068,-0,06087655,-0,4917932,0,8639309,42,8,102,-66,9,0,0,0,1,42,8,102,-66,9,0,0,0,1,42,8,102,-66,9,0,0,0,1
75,0,0,0,0,0,0,1,83,40862,61,02559,-65,8275,0,03676996,0,042156,-0,09481231,0,9939224,73,50008,62,00175,-66,84295,0,001080848,-0,08402142,-0,06366809,0,9944273,52,94423,67,74912,-64,67523,0,09160514,-0,06225603,-0,4993422,0,8592963,42,8,102,-66,9,0,0,0,1,42,8,102,-66,9,0,0,0,1,42,8,102,-66,9,0,0,0,1
76,0,0,0,0,0,0,1,83,91515,59,87236,-65,81422,0,03714712,0,04402981,-0,09700962,0,993615,73,93204,60,85582,-66,84401,0,0006633056,-0,0853271,-0,06479097,0,9942439,53,00818,66,63425,-64,62429,0,09344009,-0,06362892,-0,5068418,0,8545944,42,8,102,-66,9,0,0,0,1,42,8,102,-66,9,0,0,0,1,42,8,102,-66,9,0,0,0,1
77,0,0,0,0,0,0,1,84,42168,58,70313,-65,80095,0,03752357,0,04590137,-0,0992039,0,9932994,74,364,59,69389,-66,84507,0,0002461789,-0,08663121,-0,06591254,0,9940577,53,07214,65,50337,-64,57335,0,09526542,-0,06499513,-0,5142918,0,8498259,42,8,102,-66,9,0,0,0,1,42,8,102,-66,9,0,0,0,1,42,8,102,-66,9,0,0,0,1
78,0,0,0,0,0,0,1,84,92822,57,51789,-65,78767,0,03789932,0,04777067,-0,1013951,0,9929757,74,79596,58,51595,-66,84613,-0,0001705316,-0,08793373,-0,06703277,0,9938684,53,13609,64,3565,-64,52241,0,09708096,-0,06635457,-0,5216914,0,8449914,42,8,102,-66,9,0,0,0,1,42,8,102,-66,9,0,0,0,1,42,8,102,-66,9,0,0,0,1
79,0,0,0,0,0,0,1,85,43475,56,31667,-65,7744,0,03827437,0,04963769,-0,1035833,0,9926438,75,22792,57,32202,-66,84719,-0,0005868248,-0,08923469,-0,06815167,0,9936761,53,20004,63,19362,-64,47147,0,09888664,-0,06770711,-0,5290402,0,8400916,42,8,102,-66,9,0,0,0,1,42,8,102,-66,9,0,0,0,1,42,8,102,-66,9,0,0,0,1
80,0,0,0,0,0,0,1,85,94128,55,09944,-65,76112,0,03864873,0,05150241,-0,1057684,0,9923038,75,65988,56,11209,-66,84825,-0,0010027,-0,09053405,-0,06926924,0,993481,53,264,62,01475,-64,42052,0,1006823,-0,06905269,-0,5363377,0,8351268,42,8,102,-66,9,0,0,0,1,42,8,102,-66,9,0,0,0,1,42,8,102,-66,9,0,0,0,1
81,0,0,0,0,0,0,1,86,44781,53,86621,-65,74785,0,03902238,0,05336484,-0,1079504,0,9919558,76,09184,54,88616,-66,84931,-0,001418156,-0,09183183,-0,07038548,0,9932829,53,32795,60,81987,-64,36958,0,1024678,-0,07039121,-0,5435836,0,8300978,42,8,102,-66,9,0,0,0,1,42,8,102,-66,9,0,0,0,1,42,8,102,-66,9,0,0,0,1
82,0,0,0,0,0,0,1,86,95434,52,61698,-65,73457,0,03939533,0,05522494,-0,1101293,0,9915996,76,5238,53,64423,-66,85037,-0,001833192,-0,09312803,-0,07150037,0,9930819,53,3919,59,60899,-64,31864,0,1042431,-0,07172256,-0,5507773,0,8250052,42,8,102,-66,9,0,0,0,1,42,8,102,-66,9,0,0,0,1,42,8,102,-66,9,0,0,0,1
83,0,0,0,0,0,0,1,87,46087,51,35175,-65,7213,0,03976756,0,05708272,-0,1123051,0,9912354,76,95576,52,3863,-66,85143,-0,002247807,-0,09442264,-0,07261392,0,9928779,53,45586,58,38212,-64,2677,0,106008,-0,07304667,-0,5579183,0,8198497,42,8,102,-66,9,0,0,0,1,42,8,102,-66,9,0,0,0,1,42,8,102,-66,9,0,0,0,1
84,0,0,0,0,0,0,1,87,9674,50,07052,-65,70802,0,0401391,0,05893817,-0,1144778,0,9908633,77,38773,51,11236,-66,85249,-0,002662001,-0,09571566,-0,07372613,0,9926711,53,51981,57,13924,-64,21676,0,1077624,-0,07436346,-0,5650064,0,814632,42,8,102,-66,9,0,0,0,1,42,8,102,-66,9,0,0,0,1,42,8,102,-66,9,0,0,0,1
85,0,0,0,0,0,0,1,88,47393,48,77329,-65,69475,0,04050992,0,06079126,-0,1166474,0,9904831,77,81969,49,82243,-66,85355,-0,003075772,-0,09700708,-0,07483701,0,9924614,53,58376,55,88037,-64,16582,0,1095062,-0,07567281,-0,5720409,0,8093525,42,8,102,-66,9,0,0,0,1,42,8,102,-66,9,0,0,0,1,42,8,102,-66,9,0,0,0,1
86,0,0,0,0,0,0,1,88,98046,47,46006,-65,68147,0,04088003,0,06264199,-0,1188138,0,990095,78,25165,48,5165,-66,85461,-0,00348912,-0,09829692,-0,07594653,0,9922488,53,64772,54,60549,-64,11488,0,1112393,-0,07697465,-0,5790214,0,8040119,42,8,102,-66,9,0,0,0,1,42,8,102,-66,9,0,0,0,1,42,8,102,-66,9,0,0,0,1
87,0,0,0,0,0,0,1,89,48699,46,13083,-65,6682,0,04124943,0,06449034,-0,120977,0,989699,78,68361,47,19456,-66,85567,-0,003902043,-0,09958517,-0,07705472,0,9920334,53,71167,53,31462,-64,06393,0,1129615,-0,07826889,-0,5859476,0,7986108,42,8,102,-66,9,0,0,0,1,42,8,102,-66,9,0,0,0,1,42,8,102,-66,9,0,0,0,1
88,0,0,0,0,0,0,1,89,99352,44,7856,-65,65492,0,04161811,0,0663363,-0,1231371,0,9892951,79,11557,45,85663,-66,85674,-0,004314543,-0,1008718,-0,07816156,0,9918151,53,77562,52,00774,-64,01299,0,1146728,-0,07955543,-0,592819,0,7931499,42,8,102,-66,9,0,0,0,1,42,8,102,-66,9,0,0,0,1,42,8,102,-66,9,0,0,0,1
89,0,0,0,0,0,0,1,90,50005,43,42437,-65,64165,0,04198608,0,06817987,-0,125294,0,9888833,79,54753,44,5027,-66,8578,-0,004726616,-0,1021569,-0,07926705,0,9915939,53,83958,50,68486,-63,96205,0,116373,-0,08083421,-0,5996352,0,7876299,42,8,102,-66,9,0,0,0,1,42,8,102,-66,9,0,0,0,1,42,8,102,-66,9,0,0,0,1
90,0,0,0,0,0,0,1,91,00658,42,04714,-65,62837,0,04235332,0,07002101,-0,1274476,0,9884636,79,97949,43,13277,-66,85886,-0,005138262,-0,1034403,-0,08037119,0,9913698,53,90353,49,34599,-63,91111,0,1180621,-0,08210514,-0,6063958,0,7820513,42,8,102,-66,9,0,0,0,1,42,8,102,-66,9,0,0,0,1,42,8,102,-66,9,0,0,0,1
91,0,0,0,0,0,0,1,90,74658,41,98854,-65,51782,0,04859694,0,07912369,-0,0886333,0,9917268,80,41145,41,74683,-66,85992,-0,005549481,-0,1047221,-0,08147398,0,991143,53,96748,47,99111,-63,86017,0,1197399,-0,08336813,-0,6131005,0,7764148,42,8,102,-66,9,0,0,0,1,42,8,102,-66,9,0,0,0,1,42,8,102,-66,9,0,0,0,1
92,0,0,0,0,0,0,1,90,4634,41,93375,-65,4604,0,0510617,0,08405496,-0,0472646,0,994029,80,06546,41,53164,-66,90792,-0,01207402,-0,1015106,-0,02276323,0,9945007,54,03144,46,62024,-63,80923,0,1214063,-0,08462311,-0,6197488,0,7707211,42,8,102,-66,9,0,0,0,1,42,8,102,-66,9,0,0,0,1,42,8,102,-66,9,0,0,0,1
93,0,0,0,0,0,0,1,90,33814,42,05221,-65,53456,0,03754361,0,08375922,-0,03275077,0,9952399,80,00592,41,75075,-66,94444,-0,01536182,-0,102804,-0,01513284,0,994468,54,09539,45,23336,-63,75829,0,1230613,-0,08586998,-0,6263403,0,7649707,42,8,102,-66,9,0,0,0,1,42,8,102,-66,9,0,0,0,1,42,8,102,-66,9,0,0,0,1
94,0,0,0,0,0,0,1,90,21975,42,11716,-65,6195,0,02371016,0,08418168,-0,01711497,0,9960213,79,98231,41,95716,-66,95251,-0,01530005,-0,1031038,-0,0122143,0,994478,54,15934,43,83048,-63,70734,0,1247046,-0,08710868,-0,6328747,0,7591643,42,8,102,-66,9,0,0,0,1,42,8,102,-66,9,0,0,0,1,42,8,102,-66,9,0,0,0,1
95,0,0,0,0,0,0,1,90,09652,42,15398,-65,69589,0,01076522,0,08434751,-0,0001187399,0,9963782,79,94348,42,10608,-66,95317,-0,01454408,-0,1032188,-0,006577177,0,9945306,54,2233,42,41161,-63,6564,0,1263363,-0,08833913,-0,6393517,0,7533026,42,8,102,-66,9,0,0,0,1,42,8,102,-66,9,0,0,0,1,42,8,102,-66,9,0,0,0,1
96,0,0,0,0,0,0,1,89,97329,42,1748,-65,77229,-0,002171681,0,08447471,0,01686055,0,9962806,79,91345,42,20578,-66,96869,-0,01730331,-0,1031359,-0,0008095484,0,9945164,54,686,41,70404,-63,84574,0,09207736,-0,1255273,-0,6940932,0,7028509,42,8,102,-66,9,0,0,0,1,42,8,102,-66,9,0,0,0,1,42,8,102,-66,9,0,0,0,1
97,0,0,0,0,0,0,1,89,90972,42,27103,-65,81161,-0,006562918,0,0862422,0,02576401,0,9959194,79,88342,42,28948,-66,98421,-0,02005908,-0,1030489,0,004952345,0,9944617,54,84856,41,90279,-63,85557,0,09250169,-0,1265292,-0,7063774,0,6902643,42,8,102,-66,9,0,0,0,1,42,8,102,-66,9,0,0,0,1,42,8,102,-66,9,0,0,0,1
98,0,0,0,0,0,0,1,89,85259,42,36534,-65,84321,-0,01012859,0,08699799,0,03285709,0,995615,79,85339,42,35718,-66,99973,-0,02281127,-0,1029578,0,01070828,0,9943665,54,87107,42,03963,-63,79512,0,09905538,-0,1200027,-0,709549,0,687261,42,8,102,-66,9,0,0,0,1,42,8,102,-66,9,0,0,0,1,42,8,102,-66,9,0,0,0,1
99,0,0,0,0,0,0,1,89,79531,42,44342,-65,87482,-0,01375075,0,08777035,0,0399877,0,9952428,79,82336,42,40888,-67,01524,-0,02555978,-0,1028626,0,01645802,0,9942309,54,86796,42,16212,-63,7323,0,1060506,-0,1129781,-0,7100974,0,6868412,42,8,102,-66,9,0,0,0,1,42,8,102,-66,9,0,0,0,1,42,8,102,-66,9,0,0,0,1
100,0,0,0,0,0,0,1,89,74024,42,51013,-65,90469,-0,01695802,0,08855716,0,04660953,0,9948356,79,79333,42,44458,-67,03076,-0,0283045,-0,1027633,0,02220134,0,9940552,54,89299,42,22554,-63,67791,0,1090367,-0,1089664,-0,7138803,0,6830902,42,8,102,-66,9,0,0,0,1,42,8,102,-66,9,0,0,0,1,42,8,102,-66,9,0,0,0,1
101,0,0,0,0,0,0,1,89,68822,42,56723,-65,93215,-0,01961162,0,08936192,0,05255954,0,9944181,79,76331,42,46428,-67,04628,-0,03104534,-0,1026599,0,02793802,0,9938393,54,91752,42,27134,-63,62225,0,1118019,-0,1055547,-0,7179025,0,678951,42,8,102,-66,9,0,0,0,1,42,8,102,-66,9,0,0,0,1,42,8,102,-66,9,0,0,0,1
102,0,0,0,0,0,0,1,89,63956,42,61531,-65,95697,-0,02168394,0,09018726,0,05780523,0,9940094,79,73703,42,486,-67,05497,-0,03132592,-0,1024091,0,03151977,0,9937493,54,94167,42,31343,-63,57903,0,1142008,-0,1020845,-0,7208735,0,6759278,42,8,102,-66,9,0,0,0,1,42,8,102,-66,9,0,0,0,1,42,8,102,-66,9,0,0,0,1
103,0,0,0,0,0,0,1,89,59439,42,65471,-65,97901,-0,02317254,0,09103606,0,0623428,0,9936241,79,71505,42,50133,-67,05682,-0,03100716,-0,1021359,0,03458956,0,9936852,54,96276,42,35121,-63,54245,0,1156502,-0,09967908,-0,723134,0,6736218,42,8,102,-66,9,0,0,0,1,42,8,102,-66,9,0,0,0,1,42,8,102,-66,9,0,0,0,1
104,0,0,0,0,0,0,1,89,55285,42,68566,-65,99815,-0,02408125,0,09191237,0,06617391,0,993274,79,69605,42,50879,-67,05384,-0,02997681,-0,1018475,0,03706449,0,9936572,54,98212,42,38,-63,50973,0,1164892,-0,0978802,-0,7249709,0,671764,42,8,102,-66,9,0,0,0,1,42,8,102,-66,9,0,0,0,1,42,8,102,-66,9,0,0,0,1
105,0,0,0,0,0,0,1,89,51505,42,70837,-66,01425,-0,0244166,0,09282217,0,06930065,0,9929679,79,68029,42,50833,-67,04615,-0,02821357,-0,1016336,0,03902015,0,9936559,54,99986,42,39936,-63,48063,0,1167685,-0,09663907,-0,7264243,0,6703236,42,8,102,-66,9,0,0,0,1,42,8,102,-66,9,0,0,0,1,42,8,102,-66,9,0,0,0,1
106,0,0,0,0,0,0,1,89,48109,42,72305,-66,0272,-0,02418876,0,09377459,0,07172489,0,9927119,79,66689,42,4989,-67,03486,-0,02569916,-0,101458,0,04040733,0,9936867,55,01595,42,40942,-63,45523,0,1164826,-0,09595653,-0,7274945,0,66931,42,8,102,-66,9,0,0,0,1,42,8,102,-66,9,0,0,0,1,42,8,102,-66,9,0,0,0,1
107,0,0,0,0,0,0,1,89,45109,42,72986,-66,03683,-0,02341374,0,09478362,0,07344868,0,9925086,79,65546,42,4802,-67,01994,-0,02250088,-0,1012306,0,04119211,0,9937552,55,0304,42,41029,-63,43362,0,1156273,-0,09582619,-0,7281801,0,6687312,42,8,102,-66,9,0,0,0,1,42,8,102,-66,9,0,0,0,1,42,8,102,-66,9,0,0,0,1
108,0,0,0,0,0,0,1,89,4252,42,729,-66,04292,-0,02211685,0,09587125,0,07447425,0,9923574,79,64615,42,45261,-67,0008,-0,01865929,-0,1009001,0,04135818,0,9938614,55,04323,42,40198,-63,41587,0,1141979,-0,09623266,-0,7284774,0,6685947,42,8,102,-66,9,0,0,0,1,42,8,102,-66,9,0,0,0,1,42,8,102,-66,9,0,0,0,1
109,0,0,0,0,0,0,1,89,40369,42,72073,-66,0451,-0,02034334,0,09707236,0,07481002,0,9922533,79,63946,42,41671,-66,97656,-0,01421902,-0,1004639,0,04094082,0,9939963,55,05451,42,38452,-63,40206,0,1121864,-0,09714694,-0,7283778,0,6689115,42,8,102,-66,9,0,0,0,1,42,8,102,-66,9,0,0,0,1,42,8,102,-66,9,0,0,0,1
110,0,0,0,0,0,0,1,89,38725,42,70562,-66,04266,-0,01818196,0,09843753,0,07449434,0,9921846,79,63628,42,37322,-66,94624,-0,009206087,-0,09999549,0,0400354,0,9941396,55,06433,42,35793,-63,39237,0,1095796,-0,09851029,-0,727866,0,6697008,42,8,102,-66,9,0,0,0,1,42,8,102,-66,9,0,0,0,1,42,8,102,-66,9,0,0,0,1
111,0,0,0,0,0,0,1,89,37788,42,68484,-66,03498,-0,01562605,0,09976385,0,07377077,0,9921497,79,63784,42,32278,-66,90968,-0,003461932,-0,09978602,0,03880088,0,9942461,55,07285,42,32235,-63,38737,0,1063521,-0,1001896,-0,7269138,0,6710049,42,8,102,-66,9,0,0,0,1,42,8,102,-66,9,0,0,0,1,42,8,102,-66,9,0,0,0,1
112,0,0,0,0,0,0,1,89,37601,42,65795,-66,02583,-0,01187916,0,1001003,0,07290141,0,9922319,79,66767,42,29943,-66,88995,-0,001546972,-0,1001085,0,03428529,0,9943845,55,05129,42,30912,-63,38487,0,1068337,-0,09969246,-0,7248959,0,673182,42,8,102,-66,9,0,0,0,1,42,8,102,-66,9,0,0,0,1,42,8,102,-66,9,0,0,0,1
113,0,0,0,0,0,0,1,89,37823,42,62354,-66,01098,-0,008036923,0,1010111,0,07121392,0,9923007,79,70672,42,27322,-66,87675,-0,0004668322,-0,1003045,0,02883984,0,9945387,55,02394,42,29129,-63,38816,0,106625,-0,09955681,-0,7225575,0,6757443,42,8,102,-66,9,0,0,0,1,42,8,102,-66,9,0,0,0,1,42,8,102,-66,9,0,0,0,1
114,0,0,0,0,0,0,1,89,38698,42,58282,-65,99099,-0,003810268,0,1019406,0,06905637,0,9923834,79,74895,42,23651,-66,86614,0,0002169352,-0,100421,0,02283247,0,9946831,54,99397,42,26538,-63,39603,0,1062965,-0,09991013,-0,7197367,0,6787475,42,8,102,-66,9,0,0,0,1,42,8,102,-66,9,0,0,0,1,42,8,102,-66,9,0,0,0,1
115,0,0,0,0,0,0,1,89,40349,42,53594,-65,96795,0,001288461,0,1021847,0,06672048,0,9925246,79,79514,42,18995,-66,8583,0,0004291,-0,1005296,0,01627192,0,994801,54,95966,42,23305,-63,40719,0,1058445,-0,1005107,-0,7163848,0,6822663,42,8,102,-66,9,0,0,0,1,42,8,102,-66,9,0,0,0,1,42,8,102,-66,9,0,0,0,1
116,0,0,0,0,0,0,1,89,42416,42,48087,-65,94213,0,007097544,0,1022929,0,06372676,0,9926856,79,84579,42,13419,-66,85366,0,0001414084,-0,1006645,0,009080993,0,994879,54,9203,42,19469,-63,42041,0,1052851,-0,101236,-0,7124621,0,6863411,42,8,102,-66,9,0,0,0,1,42,8,102,-66,9,0,0,0,1,42,8,102,-66,9,0,0,0,1
117,0,0,0,0,0,0,1,89,46392,42,45508,-65,94096,0,00763554,0,1021989,0,05856527,0,9930092,79,90326,42,07399,-66,84858,9,6637E-05,-0,1006216,0,0009631189,0,9949243,54,87559,42,15026,-63,43493,0,104627,-0,1020151,-0,7079497,0,69098,42,8,102,-66,9,0,0,0,1,42,8,102,-66,9,0,0,0,1,42,8,102,-66,9,0,0,0,1
